{
    "params": {
        "ch1": {
            "current": "06.0",
            "voltage": "2"
        },
        "ch2": {
            "current": "06.0",
            "voltage": "1"
        },
        "ch3": {
            "current": "0",
            "voltage": "3"
        },
        "ch4": {
            "current": "0",
            "voltage": "7"
        }
    },
    "states": {
        "ch1": 0,
        "ch2": 0,
        "ch3": 0,
        "ch4": 0,
        "general": 1
    }
}